{"cameraMode":{"drawMode":0,"name":"Shaded","section":"Shading Mode"},"sceneLighting":true,"audioPlay":false,"sceneViewState":{"showFog":true,"showMaterialUpdate":false,"showSkybox":true,"showFlares":true,"showImageEffects":true,"showParticleSystems":true},"in2DMode":false,"pivot":{"x":42.33041000366211,"y":-22.979835510253908,"z":4.066583156585693},"rotation":{"x":0.1793697029352188,"y":0.6818795204162598,"z":-0.17819425463676454,"w":0.6863771677017212},"size":54.48478317260742,"orthographic":false}