{"cameraMode":{"drawMode":0,"name":"Shaded","section":"Shading Mode"},"sceneLighting":false,"audioPlay":false,"sceneViewState":{"showFog":true,"showMaterialUpdate":false,"showSkybox":false,"showFlares":true,"showImageEffects":true,"showParticleSystems":true},"in2DMode":false,"pivot":{"x":6.556510925292969e-7,"y":0.5625637173652649,"z":-0.01079830527305603},"rotation":{"x":0.11982076615095139,"y":0.5735977292060852,"z":-0.08529002964496613,"w":0.8058251738548279},"size":2.4727814197540285,"orthographic":false}